id,username,email,created_at
1,calmriver30,calmriver30@opswise.net,2024-05-03 00:29:47
2,quietanchor03,quietanchor03@seeded.app,2024-07-16 21:08:37
3,goldkernel72,goldkernel72@relay.cloud,2025-01-30 14:13:19
4,calmtrail42,calmtrail42@acme.dev,2024-07-24 13:24:06
5,warmorbit72,warmorbit72@opswise.net,2024-01-08 18:06:32
6,forestsignal20,forestsignal20@acme.dev,2024-01-10 05:15:46
7,briskfield46,briskfield46@acme.dev,2024-09-04 12:20:21
8,ivorypioneer59,ivorypioneer59@opswise.net,2025-01-16 13:52:38
9,keenkernel18,keenkernel18@opswise.net,2024-11-06 20:40:05
10,silverfield85,silverfield85@seeded.app,2025-12-19 01:22:54
11,harborbeacon04,harborbeacon04@example.com,2025-05-14 23:39:15
12,forestjourney39,forestjourney39@hackstack.io,2025-12-17 00:34:07
13,warmengine28,warmengine28@seeded.app,2024-04-22 10:50:27
14,harborzenith94,harborzenith94@example.com,2025-04-20 05:56:51
15,emberuplink73,emberuplink73@relay.cloud,2024-03-07 23:54:45
16,youngwindow54,youngwindow54@seeded.app,2024-10-11 06:38:22
17,keenzenith07,keenzenith07@example.com,2025-11-03 14:37:17
18,mellowbeacon94,mellowbeacon94@opswise.net,2024-01-03 05:05:22
19,ivorycanyon28,ivorycanyon28@example.com,2024-04-08 18:03:03
20,amberorbit42,amberorbit42@opswise.net,2024-08-24 06:31:51
21,opaluplink24,opaluplink24@opswise.net,2024-10-26 00:21:53
22,cobaltnetwork05,cobaltnetwork05@relay.cloud,2024-03-03 01:32:15
23,urbanorbit64,urbanorbit64@example.com,2025-09-09 07:27:24
24,navycanyon22,navycanyon22@opswise.net,2025-11-14 02:26:25
25,warmcanyon94,warmcanyon94@relay.cloud,2024-09-21 09:46:43
26,briskcanyon10,briskcanyon10@hackstack.io,2024-03-11 03:48:23
27,proudjourney19,proudjourney19@hackstack.io,2025-08-25 06:30:15
28,rapidvalley78,rapidvalley78@hackstack.io,2025-08-13 17:59:55
29,keenpioneer24,keenpioneer24@relay.cloud,2024-11-10 00:23:29
30,quietwindow07,quietwindow07@acme.dev,2024-06-03 01:17:08
31,tidyvalley89,tidyvalley89@acme.dev,2025-04-13 04:28:33
32,dawnbeacon33,dawnbeacon33@hackstack.io,2025-11-27 09:44:07
33,quietlagoon89,quietlagoon89@seeded.app,2025-08-29 20:34:36
34,proudzenith65,proudzenith65@opswise.net,2024-02-06 23:34:34
35,warmfield58,warmfield58@acme.dev,2024-03-31 06:32:22
36,foresttrail47,foresttrail47@opswise.net,2024-02-11 05:31:39
37,navyriver74,navyriver74@acme.dev,2025-10-06 00:53:09
38,amberyard95,amberyard95@opswise.net,2024-12-26 11:57:59
39,clearjourney95,clearjourney95@hackstack.io,2024-06-05 08:37:19
40,cobaltquartz03,cobaltquartz03@seeded.app,2025-03-13 05:42:18
41,forestisland76,forestisland76@relay.cloud,2025-08-17 21:46:01
42,opalkernel94,opalkernel94@example.com,2025-05-02 01:24:46
43,cobaltgarden51,cobaltgarden51@seeded.app,2024-03-05 16:17:50
44,rapidanchor47,rapidanchor47@opswise.net,2025-12-10 01:34:13
45,opalvalley48,opalvalley48@relay.cloud,2024-11-26 03:26:04
46,livelydelta77,livelydelta77@relay.cloud,2024-09-20 22:27:44
47,livelypioneer73,livelypioneer73@hackstack.io,2025-02-21 04:00:37
48,keenmeadow77,keenmeadow77@opswise.net,2024-12-27 21:23:12
49,clearharvest17,clearharvest17@opswise.net,2025-08-07 04:26:45
50,forestpioneer15,forestpioneer15@relay.cloud,2025-06-02 04:53:58
51,cobaltisland90,cobaltisland90@example.com,2024-10-20 18:37:51
52,harborgarden69,harborgarden69@relay.cloud,2025-01-23 15:48:55
53,forestcanyon05,forestcanyon05@opswise.net,2025-05-18 03:00:32
54,emberkernel22,emberkernel22@hackstack.io,2025-04-29 15:06:29
55,cobaltkernel76,cobaltkernel76@opswise.net,2024-06-30 02:40:52
56,quietisland03,quietisland03@seeded.app,2025-08-09 05:10:53
57,vividcanyon83,vividcanyon83@relay.cloud,2024-08-10 21:21:45
58,emberjourney46,emberjourney46@relay.cloud,2025-09-17 20:15:44
59,dawnorbit67,dawnorbit67@hackstack.io,2024-08-06 05:11:48
60,warmanchor15,warmanchor15@hackstack.io,2024-03-10 21:45:30
61,cleardelta35,cleardelta35@hackstack.io,2025-08-29 22:37:37
62,opaljourney89,opaljourney89@relay.cloud,2024-05-25 01:21:22
63,jadelagoon68,jadelagoon68@relay.cloud,2024-08-29 20:04:33
64,briskcanyon43,briskcanyon43@hackstack.io,2025-03-03 03:16:10
65,briskzenith36,briskzenith36@example.com,2024-11-09 20:17:11
66,proudwindow75,proudwindow75@example.com,2024-05-10 01:35:08
67,ivoryjourney72,ivoryjourney72@hackstack.io,2024-09-20 11:51:45
68,warmengine08,warmengine08@acme.dev,2024-09-18 11:21:55
69,cobaltanchor26,cobaltanchor26@hackstack.io,2026-01-29 06:53:27
70,prouduplink85,prouduplink85@relay.cloud,2024-06-25 14:07:58
71,mellowbeacon71,mellowbeacon71@example.com,2025-12-30 08:08:40
72,navyfield87,navyfield87@relay.cloud,2024-03-29 16:03:52
73,cobaltfield49,cobaltfield49@opswise.net,2024-08-01 13:01:30
74,forestjourney71,forestjourney71@seeded.app,2025-04-07 21:12:48
75,jadequartz64,jadequartz64@relay.cloud,2025-08-15 19:31:46
76,opalharvest63,opalharvest63@opswise.net,2025-08-20 19:37:29
77,mellowyard02,mellowyard02@relay.cloud,2024-03-21 15:28:48
78,rapidgarden22,rapidgarden22@opswise.net,2026-02-01 06:55:24
79,mellowquartz90,mellowquartz90@hackstack.io,2024-01-13 04:48:36
80,jaderiver15,jaderiver15@acme.dev,2024-06-03 10:03:53
81,opalyard47,opalyard47@example.com,2024-08-22 03:35:12
82,dawnbeacon21,dawnbeacon21@seeded.app,2024-07-07 19:13:33
83,amberorbit55,amberorbit55@opswise.net,2024-01-22 14:26:44
84,cobaltquartz62,cobaltquartz62@opswise.net,2025-01-21 11:11:16
85,ivorykernel12,ivorykernel12@seeded.app,2024-07-02 20:50:18
86,goldharvest88,goldharvest88@seeded.app,2024-04-02 09:07:14
87,ivorykernel99,ivorykernel99@seeded.app,2025-01-20 11:22:27
88,goldlagoon24,goldlagoon24@relay.cloud,2025-02-11 01:03:51
89,briskengine80,briskengine80@relay.cloud,2025-02-06 10:13:45
90,forestsignal41,forestsignal41@opswise.net,2024-08-11 17:30:29
91,goldvalley26,goldvalley26@acme.dev,2025-11-30 16:05:13
92,tidybeacon32,tidybeacon32@acme.dev,2025-07-11 04:25:34
93,opalharvest10,opalharvest10@acme.dev,2025-04-27 21:35:12
94,clearisland03,clearisland03@seeded.app,2025-09-01 16:26:57
95,mellowanchor58,mellowanchor58@relay.cloud,2024-03-24 13:05:49
96,urbandelta88,urbandelta88@opswise.net,2024-06-26 23:49:42
97,vividriver11,vividriver11@opswise.net,2024-08-07 00:47:01
98,urbangarden21,urbangarden21@example.com,2025-05-13 21:51:21
99,tidyisland42,tidyisland42@opswise.net,2025-08-29 22:19:30
100,jadeengine55,jadeengine55@acme.dev,2024-04-06 20:46:27
101,calmjourney60,calmjourney60@relay.cloud,2024-06-27 08:39:37
102,forestzenith62,forestzenith62@opswise.net,2024-05-07 21:41:16
103,vividorbit01,vividorbit01@acme.dev,2024-04-19 00:55:01
104,silverkernel11,silverkernel11@acme.dev,2024-05-24 04:57:57
105,briskpioneer04,briskpioneer04@example.com,2025-05-31 20:59:18
106,mellowzenith10,mellowzenith10@hackstack.io,2025-12-17 23:06:27
107,rapidpioneer95,rapidpioneer95@seeded.app,2024-01-21 14:07:30
108,goldpioneer09,goldpioneer09@relay.cloud,2025-02-11 15:36:49
109,proudpioneer86,proudpioneer86@acme.dev,2025-02-15 20:34:12
110,keenyard10,keenyard10@relay.cloud,2025-08-14 07:08:55
111,opalkernel47,opalkernel47@example.com,2024-09-07 06:25:04
112,youngkernel47,youngkernel47@hackstack.io,2025-06-05 21:48:47
113,mellowjourney39,mellowjourney39@relay.cloud,2024-04-03 07:12:15
114,keencanyon37,keencanyon37@example.com,2024-07-06 17:10:17
115,urbandelta57,urbandelta57@example.com,2025-01-11 16:47:06
116,silverisland32,silverisland32@acme.dev,2025-11-13 03:37:27
117,urbanbeacon05,urbanbeacon05@hackstack.io,2024-01-28 10:58:58
118,amberengine72,amberengine72@hackstack.io,2025-05-18 23:30:52
119,goldharvest08,goldharvest08@opswise.net,2025-05-25 20:02:07
120,harborpioneer61,harborpioneer61@acme.dev,2024-04-27 13:52:08
121,keenriver77,keenriver77@seeded.app,2025-08-02 23:20:30
122,youngdelta15,youngdelta15@hackstack.io,2024-07-23 04:57:47
123,jadekernel58,jadekernel58@opswise.net,2025-02-21 12:48:30
124,livelyharvest75,livelyharvest75@acme.dev,2025-07-04 23:37:44
125,silverwindow32,silverwindow32@hackstack.io,2025-08-22 12:34:26
126,keenuplink83,keenuplink83@hackstack.io,2024-06-08 04:35:05
127,youngcanyon39,youngcanyon39@relay.cloud,2024-03-06 05:13:19
128,tidykernel42,tidykernel42@seeded.app,2025-06-14 02:24:03
129,livelysignal72,livelysignal72@relay.cloud,2024-10-03 17:57:08
130,rapiduplink87,rapiduplink87@opswise.net,2025-08-18 17:23:36
131,goldpioneer69,goldpioneer69@hackstack.io,2025-11-07 21:53:04
132,youngdelta08,youngdelta08@relay.cloud,2025-11-21 20:57:32
133,warmengine73,warmengine73@seeded.app,2024-03-18 23:37:58
134,livelyuplink30,livelyuplink30@opswise.net,2024-03-27 11:20:00
135,youngjourney70,youngjourney70@relay.cloud,2025-07-20 10:52:35
136,tidykernel71,tidykernel71@acme.dev,2024-12-27 03:17:59
137,tidyanchor30,tidyanchor30@relay.cloud,2025-08-22 08:10:03
138,keenwindow41,keenwindow41@hackstack.io,2024-10-05 14:16:35
139,harborsignal91,harborsignal91@example.com,2024-11-15 17:36:15
140,silvercanyon92,silvercanyon92@example.com,2025-09-11 00:52:52
141,navyzenith99,navyzenith99@opswise.net,2025-04-19 12:14:46
142,youngjourney37,youngjourney37@hackstack.io,2024-01-31 10:22:02
143,dawntrail07,dawntrail07@hackstack.io,2025-06-10 13:23:27
144,vividriver00,vividriver00@seeded.app,2024-01-13 08:24:22
145,rapidquartz19,rapidquartz19@seeded.app,2025-09-28 22:32:38
146,keenzenith13,keenzenith13@seeded.app,2024-03-06 06:18:08
147,opalgarden08,opalgarden08@example.com,2025-01-08 16:12:24
148,younganchor04,younganchor04@hackstack.io,2024-11-03 08:26:45
149,rapidquartz96,rapidquartz96@seeded.app,2025-12-17 07:43:22
150,calmsignal11,calmsignal11@acme.dev,2024-05-06 21:19:25
151,ambermeadow83,ambermeadow83@hackstack.io,2024-09-06 19:23:31
152,jadeyard64,jadeyard64@acme.dev,2024-05-16 12:30:17
153,harborjourney38,harborjourney38@example.com,2024-05-14 04:50:34
154,goldzenith66,goldzenith66@hackstack.io,2026-01-20 07:58:18
155,emberisland34,emberisland34@relay.cloud,2024-06-12 10:14:14
156,ambergarden09,ambergarden09@opswise.net,2024-05-13 07:58:10
157,tidycanyon09,tidycanyon09@example.com,2025-04-13 22:59:06
158,goldwindow56,goldwindow56@hackstack.io,2024-07-30 23:15:10
159,vividvalley57,vividvalley57@example.com,2024-01-26 09:01:30
160,opalorbit10,opalorbit10@example.com,2025-08-13 01:34:28
161,cobaltjourney42,cobaltjourney42@seeded.app,2025-09-06 01:35:50
162,keencanyon60,keencanyon60@seeded.app,2024-09-14 23:16:50
163,warmvalley54,warmvalley54@seeded.app,2024-07-05 05:04:19
164,proudlagoon70,proudlagoon70@opswise.net,2024-06-19 03:14:11
165,proudwindow74,proudwindow74@relay.cloud,2025-06-26 14:17:24
166,opalzenith34,opalzenith34@acme.dev,2024-07-27 12:55:52
167,proudquartz59,proudquartz59@acme.dev,2024-11-15 17:00:34
168,tidyanchor49,tidyanchor49@acme.dev,2024-04-26 16:13:11
169,navyquartz03,navyquartz03@acme.dev,2024-09-26 03:12:55
170,emberwindow15,emberwindow15@relay.cloud,2024-06-14 22:36:36
171,silverwindow66,silverwindow66@relay.cloud,2024-02-17 16:43:15
172,silverzenith24,silverzenith24@acme.dev,2024-06-17 21:51:46
173,warmdelta64,warmdelta64@seeded.app,2024-04-07 12:06:42
174,warmtrail86,warmtrail86@example.com,2024-08-15 12:24:41
175,jadepioneer81,jadepioneer81@seeded.app,2025-02-04 19:06:58
176,briskriver38,briskriver38@example.com,2025-08-01 01:13:10
177,proudorbit76,proudorbit76@opswise.net,2024-06-10 15:23:36
178,harborbeacon72,harborbeacon72@seeded.app,2026-01-16 10:21:56
179,ivorysignal30,ivorysignal30@seeded.app,2025-03-12 22:51:11
180,jadedelta40,jadedelta40@acme.dev,2024-05-13 03:19:06
181,calmzenith66,calmzenith66@hackstack.io,2024-06-11 17:55:37
182,youngriver82,youngriver82@acme.dev,2024-05-17 00:23:39
183,proudgarden09,proudgarden09@acme.dev,2024-08-15 08:07:47
184,mellowanchor37,mellowanchor37@opswise.net,2024-12-28 15:03:48
185,calmvalley63,calmvalley63@example.com,2025-12-19 09:22:07
186,jadegarden93,jadegarden93@example.com,2024-01-10 00:04:11
187,calmpioneer20,calmpioneer20@example.com,2024-04-13 02:56:54
188,tidyjourney89,tidyjourney89@acme.dev,2026-01-24 20:46:58
189,quietlagoon28,quietlagoon28@seeded.app,2025-04-01 04:33:45
190,rapidgarden27,rapidgarden27@seeded.app,2024-04-25 17:17:14
191,silverorbit18,silverorbit18@acme.dev,2024-06-15 14:48:55
192,goldpioneer15,goldpioneer15@seeded.app,2024-09-10 04:51:39
193,opalisland95,opalisland95@acme.dev,2025-04-01 22:08:28
194,urbanharvest80,urbanharvest80@relay.cloud,2024-05-16 21:27:53
195,clearvalley28,clearvalley28@hackstack.io,2025-05-30 08:36:54
196,rapidengine86,rapidengine86@seeded.app,2024-01-06 16:54:35
197,navywindow52,navywindow52@acme.dev,2025-06-14 08:05:12
198,jadeorbit66,jadeorbit66@opswise.net,2025-11-09 06:20:03
199,vividvalley46,vividvalley46@acme.dev,2024-09-28 05:08:38
200,calmyard04,calmyard04@relay.cloud,2025-06-03 06:43:34
201,embertrail39,embertrail39@relay.cloud,2024-08-05 18:03:41
202,mellowanchor58,mellowanchor58@relay.cloud,2024-02-06 20:30:28
203,harborjourney16,harborjourney16@relay.cloud,2024-09-13 16:30:08
204,jadedelta74,jadedelta74@hackstack.io,2025-12-12 19:53:41
205,cobaltisland43,cobaltisland43@seeded.app,2025-12-27 20:45:24
206,calmriver40,calmriver40@opswise.net,2025-02-13 08:39:33
207,goldanchor06,goldanchor06@opswise.net,2024-10-30 15:20:04
208,jadeanchor39,jadeanchor39@relay.cloud,2025-02-11 18:20:23
209,embermeadow02,embermeadow02@hackstack.io,2025-10-01 01:57:35
210,rapidlagoon16,rapidlagoon16@acme.dev,2025-08-16 10:48:45
211,younganchor43,younganchor43@hackstack.io,2024-06-16 23:28:26
212,clearnetwork64,clearnetwork64@relay.cloud,2024-10-08 17:15:25
213,rapidvalley83,rapidvalley83@opswise.net,2025-05-21 00:04:19
214,clearcanyon60,clearcanyon60@opswise.net,2025-01-12 07:07:08
215,harborkernel51,harborkernel51@relay.cloud,2025-03-22 21:11:09
216,emberkernel63,emberkernel63@acme.dev,2024-09-16 00:15:56
217,mellowmeadow46,mellowmeadow46@opswise.net,2025-02-22 07:30:24
218,clearengine09,clearengine09@relay.cloud,2024-06-17 05:46:34
219,opalkernel79,opalkernel79@hackstack.io,2024-01-08 22:12:15
220,mellowanchor12,mellowanchor12@acme.dev,2024-11-10 22:45:09
221,quietengine28,quietengine28@opswise.net,2025-07-28 15:06:05
222,calmyard24,calmyard24@seeded.app,2024-08-15 01:02:23
223,quietbeacon07,quietbeacon07@acme.dev,2025-11-30 03:35:25
224,navygarden59,navygarden59@opswise.net,2025-10-20 03:01:24
225,mellowharvest89,mellowharvest89@acme.dev,2026-01-10 00:04:28
226,livelyorbit17,livelyorbit17@acme.dev,2025-09-19 16:50:11
227,quietjourney14,quietjourney14@opswise.net,2025-02-11 04:54:51
228,urbanengine07,urbanengine07@acme.dev,2024-02-06 01:58:24
229,livelyisland63,livelyisland63@acme.dev,2024-06-30 03:05:27
230,harbormeadow55,harbormeadow55@example.com,2025-06-10 05:25:53
231,embercanyon77,embercanyon77@acme.dev,2025-07-30 15:25:50
232,proudgarden65,proudgarden65@acme.dev,2024-06-15 06:36:51
233,goldnetwork76,goldnetwork76@acme.dev,2025-09-06 10:21:20
234,opalzenith40,opalzenith40@hackstack.io,2025-12-10 19:13:04
235,ivorysignal52,ivorysignal52@opswise.net,2024-08-21 21:35:49
236,quietengine02,quietengine02@example.com,2025-03-07 08:43:38
237,opalharvest28,opalharvest28@acme.dev,2025-10-03 09:02:16
238,calmpioneer73,calmpioneer73@hackstack.io,2024-08-31 23:49:45
239,clearnetwork56,clearnetwork56@example.com,2025-11-26 01:10:56
240,quietyard13,quietyard13@relay.cloud,2025-12-15 06:54:11
241,harbornetwork16,harbornetwork16@example.com,2024-12-07 05:45:46
242,warmharvest67,warmharvest67@relay.cloud,2026-01-08 20:30:41
243,silverengine84,silverengine84@hackstack.io,2025-10-29 00:46:53
244,ivoryjourney19,ivoryjourney19@seeded.app,2024-04-07 21:05:06
245,navyfield98,navyfield98@seeded.app,2024-07-17 09:15:27
246,quietsignal30,quietsignal30@seeded.app,2025-11-10 02:58:33
247,briskpioneer37,briskpioneer37@relay.cloud,2024-05-22 10:02:17
248,urbanzenith20,urbanzenith20@hackstack.io,2024-12-22 02:17:56
249,jaderiver61,jaderiver61@opswise.net,2024-06-05 21:22:38
250,quietwindow90,quietwindow90@seeded.app,2024-01-28 13:55:57
251,foresttrail37,foresttrail37@opswise.net,2025-09-14 04:12:30
252,forestharvest25,forestharvest25@example.com,2025-09-19 08:30:11
253,keenyard30,keenyard30@relay.cloud,2025-07-30 12:42:07
254,calmgarden95,calmgarden95@seeded.app,2024-02-20 06:05:27
255,ambersignal55,ambersignal55@seeded.app,2025-01-14 04:41:50
256,opalfield82,opalfield82@seeded.app,2024-04-02 01:17:00
257,quietjourney42,quietjourney42@seeded.app,2024-08-28 01:19:30
258,harborcanyon22,harborcanyon22@hackstack.io,2024-07-25 15:48:35
259,youngisland17,youngisland17@seeded.app,2024-01-12 16:02:49
260,urbanzenith36,urbanzenith36@relay.cloud,2024-07-24 01:05:50
261,forestnetwork91,forestnetwork91@opswise.net,2025-05-06 01:30:30
262,ivoryzenith85,ivoryzenith85@example.com,2025-12-24 06:16:18
263,proudtrail25,proudtrail25@hackstack.io,2025-01-31 04:44:28
264,calmmeadow99,calmmeadow99@example.com,2025-09-17 14:23:26
265,mellowvalley80,mellowvalley80@acme.dev,2025-04-15 01:36:34
266,urbansignal19,urbansignal19@hackstack.io,2024-08-24 02:02:18
267,jadebeacon32,jadebeacon32@acme.dev,2024-06-15 17:13:09
268,briskuplink28,briskuplink28@acme.dev,2024-08-21 01:43:42
269,warmwindow46,warmwindow46@opswise.net,2025-07-24 13:55:53
270,opalharvest26,opalharvest26@relay.cloud,2025-04-05 04:53:22
271,proudgarden41,proudgarden41@example.com,2024-12-13 23:45:08
272,harborwindow62,harborwindow62@example.com,2026-01-19 01:04:11
273,youngpioneer65,youngpioneer65@acme.dev,2026-01-17 14:24:56
274,tidywindow90,tidywindow90@hackstack.io,2024-10-25 17:06:06
275,ivorypioneer13,ivorypioneer13@seeded.app,2025-10-22 16:04:29
276,cobaltharvest22,cobaltharvest22@relay.cloud,2024-01-11 23:55:29
277,quietcanyon00,quietcanyon00@relay.cloud,2024-11-22 18:20:24
278,briskisland04,briskisland04@hackstack.io,2025-05-07 06:15:16
279,livelycanyon84,livelycanyon84@seeded.app,2025-09-26 11:08:12
280,vividnetwork53,vividnetwork53@acme.dev,2024-03-15 11:06:43
281,clearjourney74,clearjourney74@example.com,2024-09-27 16:18:50
282,vividvalley89,vividvalley89@seeded.app,2025-02-05 22:59:07
283,opalquartz05,opalquartz05@hackstack.io,2025-09-11 05:19:50
284,tidytrail02,tidytrail02@hackstack.io,2024-07-09 01:51:06
285,livelysignal26,livelysignal26@hackstack.io,2025-05-29 23:31:57
286,silvergarden45,silvergarden45@hackstack.io,2024-07-15 09:46:15
287,jaderiver62,jaderiver62@seeded.app,2025-06-01 07:23:27
288,navycanyon65,navycanyon65@hackstack.io,2025-05-13 20:56:36
289,brisknetwork23,brisknetwork23@hackstack.io,2024-01-07 17:09:05
290,youngnetwork69,youngnetwork69@opswise.net,2025-06-22 01:35:31
291,clearvalley52,clearvalley52@acme.dev,2024-10-08 07:13:09
292,tidyriver86,tidyriver86@seeded.app,2025-03-14 14:12:05
293,opallagoon72,opallagoon72@opswise.net,2025-02-11 01:55:28
294,ivorykernel23,ivorykernel23@opswise.net,2025-12-09 16:18:37
295,harbortrail72,harbortrail72@hackstack.io,2025-07-26 18:28:29
296,jadesignal12,jadesignal12@opswise.net,2025-06-12 10:36:58
297,youngsignal43,youngsignal43@seeded.app,2025-12-27 08:44:10
298,cobaltanchor13,cobaltanchor13@hackstack.io,2025-05-09 15:04:15
299,tidyriver64,tidyriver64@relay.cloud,2025-07-19 18:36:04
300,keenriver53,keenriver53@opswise.net,2025-10-03 02:55:45
301,tidysignal58,tidysignal58@acme.dev,2024-02-05 07:03:10
302,calmisland32,calmisland32@relay.cloud,2025-08-04 14:24:36
303,goldquartz72,goldquartz72@example.com,2025-09-17 07:40:00
304,forestfield33,forestfield33@opswise.net,2025-11-13 05:47:08
305,livelysignal42,livelysignal42@seeded.app,2024-04-21 17:56:50
306,livelyriver04,livelyriver04@seeded.app,2024-10-05 10:40:19
307,warmzenith38,warmzenith38@acme.dev,2024-06-12 13:29:36
308,emberanchor60,emberanchor60@relay.cloud,2025-05-09 04:03:02
309,navykernel62,navykernel62@hackstack.io,2025-06-20 12:02:18
310,dawngarden64,dawngarden64@hackstack.io,2025-09-22 16:52:19
311,quietlagoon24,quietlagoon24@opswise.net,2025-09-15 00:22:15
312,navyisland59,navyisland59@relay.cloud,2025-01-30 08:00:02
313,cobaltkernel68,cobaltkernel68@seeded.app,2024-10-23 11:32:05
314,warmlagoon93,warmlagoon93@relay.cloud,2025-09-10 14:03:44
315,keenmeadow88,keenmeadow88@opswise.net,2024-07-22 05:17:03
316,quietriver44,quietriver44@opswise.net,2024-02-11 01:14:34
317,mellowharvest72,mellowharvest72@opswise.net,2024-10-12 14:43:01
318,warmnetwork37,warmnetwork37@example.com,2025-03-07 03:53:19
319,briskcanyon74,briskcanyon74@opswise.net,2025-02-08 01:07:06
320,forestkernel02,forestkernel02@example.com,2024-11-04 09:11:31
321,urbanjourney27,urbanjourney27@opswise.net,2025-08-13 16:52:13
322,urbanquartz84,urbanquartz84@hackstack.io,2025-06-07 14:05:48
323,navygarden95,navygarden95@opswise.net,2025-12-02 14:12:57
324,clearnetwork21,clearnetwork21@relay.cloud,2024-01-19 15:20:22
325,briskriver54,briskriver54@acme.dev,2025-03-15 00:50:29
326,silverlagoon13,silverlagoon13@acme.dev,2025-06-24 13:45:40
327,urbanjourney31,urbanjourney31@seeded.app,2024-07-24 23:43:05
328,forestorbit73,forestorbit73@acme.dev,2025-08-07 13:10:20
329,briskfield63,briskfield63@relay.cloud,2025-02-06 00:12:17
330,silverharvest46,silverharvest46@hackstack.io,2025-08-20 01:58:09
331,urbandelta52,urbandelta52@relay.cloud,2025-10-20 07:27:53
332,urbanzenith51,urbanzenith51@opswise.net,2025-10-13 09:55:42
333,rapidyard64,rapidyard64@opswise.net,2024-12-14 17:41:02
334,quietharvest64,quietharvest64@relay.cloud,2025-08-04 09:37:32
335,goldgarden60,goldgarden60@example.com,2025-10-29 14:57:30
336,dawnharvest57,dawnharvest57@example.com,2024-12-21 18:54:18
337,urbangarden22,urbangarden22@acme.dev,2024-11-30 10:05:53
338,keenlagoon16,keenlagoon16@acme.dev,2025-05-25 15:36:14
339,rapidquartz43,rapidquartz43@opswise.net,2025-01-15 07:30:16
340,jadegarden88,jadegarden88@relay.cloud,2025-06-11 01:22:50
341,forestvalley26,forestvalley26@relay.cloud,2025-09-23 06:47:15
342,youngzenith52,youngzenith52@acme.dev,2025-03-03 06:11:17
343,quietwindow41,quietwindow41@relay.cloud,2024-01-08 02:43:31
344,clearcanyon28,clearcanyon28@hackstack.io,2025-09-18 04:06:53
345,cobaltsignal69,cobaltsignal69@example.com,2025-06-26 17:03:24
346,ivoryorbit96,ivoryorbit96@acme.dev,2024-02-27 17:56:32
347,vividisland69,vividisland69@hackstack.io,2025-09-12 00:46:40
348,briskcanyon24,briskcanyon24@acme.dev,2024-12-17 15:33:10
349,rapidyard00,rapidyard00@relay.cloud,2025-04-24 17:41:17
350,proudlagoon36,proudlagoon36@hackstack.io,2025-03-19 19:09:11
351,warmsignal35,warmsignal35@relay.cloud,2024-12-18 05:40:05
352,keendelta15,keendelta15@example.com,2024-10-10 20:48:50
353,livelycanyon00,livelycanyon00@opswise.net,2024-01-07 08:31:53
354,vividgarden82,vividgarden82@opswise.net,2024-12-23 23:32:17
355,goldcanyon83,goldcanyon83@acme.dev,2025-07-19 17:39:20
356,calmorbit27,calmorbit27@relay.cloud,2024-06-11 15:49:36
357,emberkernel90,emberkernel90@hackstack.io,2024-06-09 16:57:56
358,proudanchor57,proudanchor57@acme.dev,2024-02-04 23:12:18
359,warmengine40,warmengine40@example.com,2024-05-02 03:57:09
360,vividquartz70,vividquartz70@acme.dev,2024-07-01 12:40:17
361,emberquartz94,emberquartz94@relay.cloud,2025-11-20 18:57:28
362,cobaltvalley24,cobaltvalley24@example.com,2025-09-14 21:49:27
363,quietdelta50,quietdelta50@seeded.app,2024-01-02 21:45:58
364,tidyriver98,tidyriver98@opswise.net,2025-08-15 23:23:22
365,cobaltpioneer35,cobaltpioneer35@opswise.net,2024-08-28 16:39:50
366,tidywindow41,tidywindow41@opswise.net,2024-12-08 12:00:04
367,urbanengine90,urbanengine90@example.com,2024-09-20 15:37:05
368,harborkernel42,harborkernel42@example.com,2025-10-30 05:26:34
369,briskyard03,briskyard03@hackstack.io,2025-08-20 20:31:39
370,silverlagoon89,silverlagoon89@relay.cloud,2024-03-24 06:19:41
371,briskcanyon83,briskcanyon83@seeded.app,2024-11-28 22:56:20
372,brisknetwork23,brisknetwork23@relay.cloud,2025-05-27 02:36:19
373,emberdelta97,emberdelta97@seeded.app,2025-11-06 06:27:32
374,forestmeadow69,forestmeadow69@seeded.app,2025-04-24 09:42:48
375,forestwindow60,forestwindow60@example.com,2025-02-03 19:50:52
376,harborsignal05,harborsignal05@relay.cloud,2024-07-05 07:10:18
377,mellowmeadow74,mellowmeadow74@acme.dev,2024-12-13 20:36:47
378,dawnisland61,dawnisland61@hackstack.io,2024-06-04 02:28:10
379,harborfield13,harborfield13@example.com,2025-04-25 09:59:36
380,mellowzenith46,mellowzenith46@acme.dev,2024-05-24 13:49:59
381,urbanorbit89,urbanorbit89@opswise.net,2024-10-05 19:36:05
382,opalharvest14,opalharvest14@seeded.app,2024-11-02 23:14:35
383,forestanchor12,forestanchor12@example.com,2024-09-28 13:17:44
384,vividkernel63,vividkernel63@acme.dev,2024-11-12 06:45:58
385,youngvalley61,youngvalley61@acme.dev,2024-06-05 10:09:47
386,keenlagoon80,keenlagoon80@hackstack.io,2025-09-21 11:46:00
387,ivorycanyon34,ivorycanyon34@seeded.app,2025-01-20 05:25:56
388,livelylagoon43,livelylagoon43@hackstack.io,2024-03-05 06:11:29
389,opalharvest81,opalharvest81@acme.dev,2024-01-19 17:51:01
390,rapidanchor29,rapidanchor29@acme.dev,2025-09-19 14:59:27
391,emberyard89,emberyard89@opswise.net,2024-01-08 15:31:21
392,keenmeadow36,keenmeadow36@seeded.app,2024-05-26 09:27:17
393,urbansignal16,urbansignal16@acme.dev,2025-12-16 21:17:41
394,opalcanyon97,opalcanyon97@opswise.net,2024-08-02 16:22:33
395,livelyuplink64,livelyuplink64@opswise.net,2024-06-30 08:38:57
396,ivorywindow25,ivorywindow25@seeded.app,2024-03-13 18:12:31
397,mellowdelta48,mellowdelta48@opswise.net,2025-02-10 18:48:04
398,quietharvest73,quietharvest73@hackstack.io,2024-05-20 10:52:48
399,ambergarden39,ambergarden39@hackstack.io,2025-02-19 18:46:31
400,dawnkernel01,dawnkernel01@opswise.net,2025-09-02 19:09:45
